<?xml version="1.0" encoding="UTF-8"?>
<!DOCTYPE suite SYSTEM "https://testng.org/testng-1.0.dtd">
<suite name="CrossBrowserSuite" parallel="tests">

    <test name="ChromeTest">
        <parameter name="browser" value="chrome"/>
        <classes>
            <class name="tests.CrossBrowserTest"/>
        </classes>
    </test>

    <test name="FirefoxTest">
        <parameter name="browser" value="firefox"/>
        <classes>
            <class name="tests.CrossBrowserTest"/>
        </classes>
    </test>

</suite>
